{
  "project_info": {
    "project_number": "58418051208",
    "firebase_url": "https://brew-crew-master.firebaseio.com",
    "project_id": "brew-crew-master",
    "storage_bucket": "brew-crew-master.appspot.com"
  },
  "client": [
    {
      "client_info": {
        "mobilesdk_app_id": "1:58418051208:android:4943f31415f8838e0b873d",
        "android_client_info": {
          "package_name": "com.theosanson.brew_crew"
        }
      },
      "oauth_client": [
        {
          "client_id": "58418051208-4e93iu8it50eo8jojum1q7emtedkepqj.apps.googleusercontent.com",
          "client_type": 3
        }
      ],
      "api_key": [
        {
          "current_key": "AIzaSyDC7ySylxT81zjNPHBmoQLDn56vjfHvDSE"
        }
      ],
      "services": {
        "appinvite_service": {
          "other_platform_oauth_client": [
            {
              "client_id": "58418051208-4e93iu8it50eo8jojum1q7emtedkepqj.apps.googleusercontent.com",
              "client_type": 3
            }
          ]
        }
      }
    }
  ],
  "configuration_version": "1"
}